{"cameraMode":{"drawMode":0,"name":"Shaded","section":"Shading Mode"},"sceneLighting":true,"audioPlay":false,"sceneViewState":{"showFog":true,"showMaterialUpdate":false,"showSkybox":true,"showFlares":true,"showImageEffects":true,"showParticleSystems":true},"in2DMode":false,"pivot":{"x":-1.8495256900787354,"y":0.061003684997558597,"z":-2.080472946166992},"rotation":{"x":-0.16983667016029359,"y":0.8294371962547302,"z":-0.39485883712768557,"w":-0.3567577600479126},"size":22.0,"orthographic":false}